路径ID,路径名称,分数下限,分数上限,事件ID,动作类型,路径点索引,对话内容,动画名称,循环动画,显示时间,延迟时间,停留时间,手势类型,分数影响,是否活跃,事件起始点,事件结束点
# NPC_ID,0
# NPC_NAME,Owl
# CURRENT_SCORE,0
# PATH,owl-1,1
# PATH_START_TIME,owl-1,0
# TIME_POINT,owl-1,0,0,
owl-1,1,0,100,PATH_ACTION,PATH_ACTION,6,亲爱的诗人，我明白你心中的忧虑。,,1,2,0,0,,,True,,
owl-1,1,0,100,PATH_ACTION,PATH_ACTION,7,我不知道为什么这一切周而复始，,,1,2,0,0,,,True,,
owl-1,1,0,100,PATH_ACTION,PATH_ACTION,8,只是我们别无选择！,,1,2,0,0,,,True,,
owl-1,1,0,100,PATH_ACTION,PATH_ACTION,9,公主被困在笼中，丧失意识不知生死。,,1,2,0,0,,,True,,
owl-1,1,0,100,PATH_ACTION,PATH_ACTION,10,时间正在循环，相同的一幕总是在上演。,,1,2,0,0,,,True,,
owl-1,1,0,100,PATH_ACTION,PATH_ACTION,11,我们被困在这里了！,,1,2,0,0,,,True,,
owl-1,1,0,100,PATH_ACTION,PATH_ACTION,12,守护神啊！现在只有您能够拯救这个王国！,,1,2,0,0,,,True,,
owl-1,1,0,100,PATH_ACTION,PATH_ACTION,13,圣典中有着详细记载：,,1,2,0,0,,,True,,
owl-1,1,0,100,PATH_ACTION,PATH_ACTION,14,当统治者的意识从王国消失，,,1,2,0,0,,,True,,
owl-1,1,0,100,PATH_ACTION,PATH_ACTION,15,她的肉体和灵魂就会脱节。,,1,2,0,0,,,True,,
owl-1,1,0,100,PATH_ACTION,PATH_ACTION,16,由于她掌控着时间的权柄，,,1,2,0,0,,,True,,
owl-1,1,0,100,PATH_ACTION,PATH_ACTION,17,我们必须唤醒她以终止时间循环。,,1,2,0,0,,,True,,
owl-1,1,0,100,PATH_ACTION,PATH_ACTION,18,我们会下意识地重复上一个循环自己做的事情，,,1,2,0,0,,,True,,
owl-1,1,0,100,PATH_ACTION,PATH_ACTION,19,循环的起点会越来越晚，,,1,2,0,0,,,True,,
owl-1,1,0,100,PATH_ACTION,PATH_ACTION,20,时间会越来越紧迫。,,1,2,0,0,,,True,,
owl-1,1,0,100,PATH_ACTION,PATH_ACTION,21,可怜的诗人，,,1,2,0,0,,,True,,
owl-1,1,0,100,PATH_ACTION,PATH_ACTION,22,您怎会作此感想？,,1,2,0,0,,,True,,
owl-1,1,0,100,PATH_ACTION,PATH_ACTION,23,祂只要变幻出我们的样子，,,1,2,0,0,,,True,,
owl-1,1,0,100,PATH_ACTION,PATH_ACTION,24,就可以轻易在我们的心灵中留下永久的烙印。,,1,2,0,0,,,True,,
# PATH,owl-2,2
# PATH_START_TIME,owl-2,45
# TIME_POINT,owl-2,0,0,
owl-2,2,0,100,PATH_ACTION,PATH_ACTION,25,肃静！我已找到仪式的文书记载！,,1,2,0,0,,,True,,
owl-2,2,0,100,PATH_ACTION,PATH_ACTION,26,若想唤醒公主，诸位请铭记在心：,,1,2,0,0,,,True,,
owl-2,2,0,100,PATH_ACTION,PATH_ACTION,27,找到你们最珍视之物——,,1,2,0,0,,,True,,
owl-2,2,0,100,PATH_ACTION,PATH_ACTION,28,务必找到正确的物品。,,1,2,0,0,,,True,,
owl-2,2,0,100,PATH_ACTION,PATH_ACTION,29,三刻后月蚀之时，携真物立于祭坛...,,1,2,0,0,,,True,,
owl-2,2,0,100,PATH_ACTION,PATH_ACTION,30,献祭它，或者永远困在今日！,,1,2,0,0,,,True,,
# PATH,owl-3,3
# PATH_START_TIME,owl-3,60
# TIME_POINT,owl-3,0,0,
# TIME_POINT,owl-3,4,20,
# TIME_POINT,owl-3,12,10,
# TIME_POINT,owl-3,20,10,
owl-3,3,0,100,PATH_ACTION,PATH_ACTION,31,不……,,1,2,0,0,,,True,,
owl-3,3,0,100,PATH_ACTION,PATH_ACTION,32,孩子……,,1,2,0,0,,,True,,
owl-3,3,0,100,PATH_ACTION,PATH_ACTION,33,这是错误的。,,1,2,0,0,,,True,,
owl-3,3,0,100,PATH_ACTION,PATH_ACTION,34,诗人的灰烬迷了神明双眼，,,1,2,0,0,,,True,,
owl-3,3,0,100,PATH_ACTION,PATH_ACTION,35,内侍的血渗进祭坛裂缝。,,1,2,0,0,,,True,,
owl-3,3,0,100,PATH_ACTION,PATH_ACTION,36,永不复焉！,,1,2,0,0,,,True,,
owl-3,3,0,100,PATH_ACTION,PATH_ACTION,37,而您——,,1,2,0,0,,,True,,
owl-3,3,0,100,PATH_ACTION,PATH_ACTION,38,捧着这截曾经带来温暖,,1,2,0,0,,,True,,
owl-3,3,0,100,PATH_ACTION,PATH_ACTION,39,但现在已经丧失温度的手！,,1,2,0,0,,,True,,
owl-3,3,0,100,PATH_ACTION,PATH_ACTION,40,它是你最珍视的东西吗？,,1,2,0,0,,,True,,
owl-3,3,0,100,PATH_ACTION,PATH_ACTION,41,愿守护神指引你直视你的内心！,,1,2,0,0,,,True,,
owl-3,3,0,100,PATH_ACTION,PATH_ACTION,42,每个人的存在都至关重要，,,1,2,0,0,,,True,,
owl-3,3,0,100,PATH_ACTION,PATH_ACTION,43,这一点我已多次强调。,,1,2,0,0,,,True,,
owl-3,3,0,100,PATH_ACTION,PATH_ACTION,44,无论哪次循环，,,1,2,0,0,,,True,,
owl-3,3,0,100,PATH_ACTION,PATH_ACTION,45,您斩断未来的瞬间都将无数次重演，,,1,2,0,0,,,True,,
owl-3,3,0,100,PATH_ACTION,PATH_ACTION,46,我们都被困在你挥刀的那一秒。,,1,2,0,0,,,True,,
owl-3,3,0,100,PATH_ACTION,PATH_ACTION,47,直到一切被阴影吞噬，,,1,2,0,0,,,True,,
owl-3,3,0,100,PATH_ACTION,PATH_ACTION,48,痛苦将永远盘旋在我们头顶。,,1,2,0,0,,,True,,
owl-3,3,0,100,PATH_ACTION,PATH_ACTION,49,时间到了，月蚀开始，法阵启动。,,1,2,0,0,,,True,,
owl-3,3,0,100,PATH_ACTION,PATH_ACTION,50,结果已然可以料到，,,1,2,0,0,,,True,,
owl-3,3,0,100,PATH_ACTION,PATH_ACTION,51,但它依然会被执行，,,1,2,0,0,,,True,,
owl-3,3,0,100,PATH_ACTION,PATH_ACTION,52,因为执行仪式本身毋庸置疑是正确的。,,1,2,0,0,,,True,,
owl-3,3,0,100,PATH_ACTION,PATH_ACTION,53,……,,1,2,0,0,,,True,,
owl-3,3,0,100,PATH_ACTION,PATH_ACTION,54,仪式失败，这也理所当然。,,1,2,0,0,,,True,,
# PATH,owl-4,4
# PATH_START_TIME,owl-4,110
# TIME_POINT,owl-4,0,0,
# TIME_POINT,owl-4,9,10,
owl-4,4,0,100,PATH_ACTION,PATH_ACTION,55,可悲啊！,,1,2,0,0,,,True,,
owl-4,4,0,100,PATH_ACTION,PATH_ACTION,56,诗人以为抓住词语就能不朽，,,1,2,0,0,,,True,,
owl-4,4,0,100,PATH_ACTION,PATH_ACTION,57,守卫以为攥紧剑柄就是忠诚...,,1,2,0,0,,,True,,
owl-4,4,0,100,PATH_ACTION,PATH_ACTION,58,而弄臣您——,,1,2,0,0,,,True,,
owl-4,4,0,100,PATH_ACTION,PATH_ACTION,59,剖开她血肉时，,,1,2,0,0,,,True,,
owl-4,4,0,100,PATH_ACTION,PATH_ACTION,60,找的究竟是温暖，,,1,2,0,0,,,True,,
owl-4,4,0,100,PATH_ACTION,PATH_ACTION,61,还是证明您配被这双手拥抱？,,1,2,0,0,,,True,,
owl-4,4,0,100,PATH_ACTION,PATH_ACTION,62,哈！断剑！空囊！尸骸！,,1,2,0,0,,,True,,
owl-4,4,0,100,PATH_ACTION,PATH_ACTION,63,诗人您烧尽词句却留空囊...,,1,2,0,0,,,True,,
owl-4,4,0,100,PATH_ACTION,PATH_ACTION,64,多讽刺！连灰烬都比你敢填满虚空！,,1,2,0,0,,,True,,
owl-4,4,0,100,PATH_ACTION,PATH_ACTION,65,——而您！弄臣！,,1,2,0,0,,,True,,
owl-4,4,0,100,PATH_ACTION,PATH_ACTION,66,给死手戴活人手套？,,1,2,0,0,,,True,,
owl-4,4,0,100,PATH_ACTION,PATH_ACTION,67,您想骗神...,,1,2,0,0,,,True,,
owl-4,4,0,100,PATH_ACTION,PATH_ACTION,68,还是骗自己这双手曾愿拥抱您？！,,1,2,0,0,,,True,,
owl-4,4,0,100,PATH_ACTION,PATH_ACTION,69,我们像戴着手套摸火炉的蠢货！,,1,2,0,0,,,True,,
owl-4,4,0,100,PATH_ACTION,PATH_ACTION,70,以为触到温暖...实则隔皮革啃噬余温！,,1,2,0,0,,,True,,
owl-4,4,0,100,PATH_ACTION,PATH_ACTION,71,守卫的剑锈是胆怯的痂！,,1,2,0,0,,,True,,
owl-4,4,0,100,PATH_ACTION,PATH_ACTION,72,诗人的空囊是未啼的喑哑！,,1,2,0,0,,,True,,
owl-4,4,0,100,PATH_ACTION,PATH_ACTION,73,弄臣的是...,,1,2,0,0,,,True,,
owl-4,4,0,100,PATH_ACTION,PATH_ACTION,74,...是地牢里永远够不到的母亲的爱抚！,,1,2,0,0,,,True,,
# PATH,owl-5,5
# PATH_START_TIME,owl-5,300
# TIME_POINT,owl-5,0,0,
# TIME_POINT,owl-5,4,10,
# TIME_POINT,owl-5,10,10,
# TIME_POINT,owl-5,17,10,
# TIME_POINT,owl-5,23,10,
owl-5,5,0,100,PATH_ACTION,PATH_ACTION,75,三位如约而至，,,1,2,0,0,,,True,,
owl-5,5,0,100,PATH_ACTION,PATH_ACTION,76,法阵填补完整。,,1,2,0,0,,,True,,
owl-5,5,0,100,PATH_ACTION,PATH_ACTION,77,活着踏进祭坛——,,1,2,0,0,,,True,,
owl-5,5,0,100,PATH_ACTION,PATH_ACTION,78,便是诸君献给时间的第一件珍物。,,1,2,0,0,,,True,,
owl-5,5,0,100,PATH_ACTION,PATH_ACTION,79,可是，看啊...月光流过掌心，,,1,2,0,0,,,True,,
owl-5,5,0,100,PATH_ACTION,PATH_ACTION,80,正如阴影吞噬王国。,,1,2,0,0,,,True,,
owl-5,5,0,100,PATH_ACTION,PATH_ACTION,81,你们献祭的哪是珍物？,,1,2,0,0,,,True,,
owl-5,5,0,100,PATH_ACTION,PATH_ACTION,82,为何守卫的忠诚结出带刺铁茧？,,1,2,0,0,,,True,,
owl-5,5,0,100,PATH_ACTION,PATH_ACTION,83,诗人的梦想凝固成拒斥回响？,,1,2,0,0,,,True,,
owl-5,5,0,100,PATH_ACTION,PATH_ACTION,84,弄臣的渴求竟化作...,,1,2,0,0,,,True,,
owl-5,5,0,100,PATH_ACTION,PATH_ACTION,85,血痂包裹的母性倒影？,,1,2,0,0,,,True,,
owl-5,5,0,100,PATH_ACTION,PATH_ACTION,86,我们像蒙眼雕琢灵魂的匠人——,,1,2,0,0,,,True,,
owl-5,5,0,100,PATH_ACTION,PATH_ACTION,87,诗人剜出心脏当刻刀，,,1,2,0,0,,,True,,
owl-5,5,0,100,PATH_ACTION,PATH_ACTION,88,守卫拆下肋骨作錾子，,,1,2,0,0,,,True,,
owl-5,5,0,100,PATH_ACTION,PATH_ACTION,89,弄臣竟抓把腐土充填神龛...,,1,2,0,0,,,True,,
owl-5,5,0,100,PATH_ACTION,PATH_ACTION,90,痛啊！这铁茧扎手，,,1,2,0,0,,,True,,
owl-5,5,0,100,PATH_ACTION,PATH_ACTION,91,回响噬心，锈斑蚀骨！,,1,2,0,0,,,True,,
owl-5,5,0,100,PATH_ACTION,PATH_ACTION,92,原来错献珍物...,,1,2,0,0,,,True,,
owl-5,5,0,100,PATH_ACTION,PATH_ACTION,93,比死亡更接近永恒湮灭！,,1,2,0,0,,,True,,
owl-5,5,0,100,PATH_ACTION,PATH_ACTION,94,诗人，你烧毁的哪是诗稿？,,1,2,0,0,,,True,,
owl-5,5,0,100,PATH_ACTION,PATH_ACTION,95,是不敢破土的梦想之根！,,1,2,0,0,,,True,,
owl-5,5,0,100,PATH_ACTION,PATH_ACTION,96,守卫，你供奉的何止忠诚？,,1,2,0,0,,,True,,
owl-5,5,0,100,PATH_ACTION,PATH_ACTION,97,是恐惧被弃的带锁镣铐！,,1,2,0,0,,,True,,
owl-5,5,0,100,PATH_ACTION,PATH_ACTION,98,弄臣，你掠夺的岂止温度？,,1,2,0,0,,,True,,
owl-5,5,0,100,PATH_ACTION,PATH_ACTION,99,是地牢里锈蚀的自我镜像！,,1,2,0,0,,,True,,
owl-5,5,0,100,PATH_ACTION,PATH_ACTION,100,——而我？,,1,2,0,0,,,True,,
owl-5,5,0,100,PATH_ACTION,PATH_ACTION,101,竟以教条拓成血肉之躯，,,1,2,0,0,,,True,,
owl-5,5,0,100,PATH_ACTION,PATH_ACTION,102,这双手...,,1,2,0,0,,,True,,
owl-5,5,0,100,PATH_ACTION,PATH_ACTION,103,连捧一滴泪都会漏给僵死的戒律！,,1,2,0,0,,,True,,
owl-5,5,0,100,PATH_ACTION,PATH_ACTION,104,原来公主永不苏醒的真相是...,,1,2,0,0,,,True,,
owl-5,5,0,100,PATH_ACTION,PATH_ACTION,105,我们宁愿把心炼成错误祭品,,1,2,0,0,,,True,,
owl-5,5,0,100,PATH_ACTION,PATH_ACTION,106,也不敢直视——,,1,2,0,0,,,True,,
owl-5,5,0,100,PATH_ACTION,PATH_ACTION,107,在我们各自胸腔跳动的阴影之源！,,1,2,0,0,,,True,,
# PATH,owl-6,6
# PATH_START_TIME,owl-6,340
# TIME_POINT,owl-6,0,0,
owl-6,6,0,100,PATH_ACTION,PATH_ACTION,108,守卫的忠诚融作破晓金液...,,1,2,0,0,,,True,,
owl-6,6,0,100,PATH_ACTION,PATH_ACTION,109,诗人的梦想绽出音律新芽...,,1,2,0,0,,,True,,
owl-6,6,0,100,PATH_ACTION,PATH_ACTION,110,弄臣的渴求凝成初雪结晶...,,1,2,0,0,,,True,,
owl-6,6,0,100,PATH_ACTION,PATH_ACTION,111,一切完美如神谕拓印！,,1,2,0,0,,,True,,
owl-6,6,0,100,PATH_ACTION,PATH_ACTION,112,可为何祭坛在抗拒？,,1,2,0,0,,,True,,
owl-6,6,0,100,PATH_ACTION,PATH_ACTION,113,沙漏倒流如呕吐的胃——,,1,2,0,0,,,True,,
owl-6,6,0,100,PATH_ACTION,PATH_ACTION,114,这书页在灼烧我的手！,,1,2,0,0,,,True,,
owl-6,6,0,100,PATH_ACTION,PATH_ACTION,115,我分明是您最虔诚的刻碑匠啊...,,1,2,0,0,,,True,,
owl-6,6,0,100,PATH_ACTION,PATH_ACTION,116,为何连骨髓都刻满教条，,,1,2,0,0,,,True,,
owl-6,6,0,100,PATH_ACTION,PATH_ACTION,117,却雕不出您想要的黎明？！,,1,2,0,0,,,True,,
# PATH,owl-7,7
# PATH_START_TIME,owl-7,340
# TIME_POINT,owl-7,0,0,
owl-7,7,0,100,PATH_ACTION,PATH_ACTION,111,守护神！请您启迪我：,,1,2,0,0,,,,,
owl-7,,,,,,,谁是渴求熔铸匕首，却捧雪取暖的献祭者？,,,,,,,,,,
owl-7,,,,,,,谁是采撷永恒野菊，反被花刺缝唇的守墓人？,,,,,,,,,,
owl-7,,,,,,,谁是焚尽未啼之诗，反被灰烬哺育的创世神？,,,,,,,,,,
owl-7,,,,,,,谁是拓印千年圣典，竟被纸刃剜心的刻碑匠？,,,,,,,,,,
owl-7,,,,,,,谁是囚禁时间之鸟，自身便是钥匙的铸牢者？,,,,,,,,,,
# PATH,owl-8,8
# PATH_START_TIME,owl-8,350
# TIME_POINT,owl-8,0,0,
owl-8,8,0,100,PATH_ACTION,PATH_ACTION,118,原来火焰才是终极真理...,,1,2,0,0,,,True,,
owl-8,8,0,100,PATH_ACTION,PATH_ACTION,119,它早该焚毁我拓印教义的盲从之手！,,1,2,0,0,,,True,,
owl-8,8,0,100,PATH_ACTION,PATH_ACTION,120,看啊...我十六岁就写道：,,1,2,0,0,,,True,,
owl-8,8,0,100,PATH_ACTION,PATH_ACTION,121,“仪式应是心魂震颤的余波，,,1,2,0,0,,,True,,
owl-8,8,0,100,PATH_ACTION,PATH_ACTION,122,而非囚禁星光的模具”,,1,2,0,0,,,True,,
owl-8,8,0,100,PATH_ACTION,PATH_ACTION,123,却花半生把惊雷驯化成诵经声！,,1,2,0,0,,,True,,
owl-8,8,0,100,PATH_ACTION,PATH_ACTION,124,——我现在明白了：,,1,2,0,0,,,True,,
owl-8,8,0,100,PATH_ACTION,PATH_ACTION,125,严苛遵循圣典如同给活人裹尸布，,,1,2,0,0,,,True,,
owl-8,8,0,100,PATH_ACTION,PATH_ACTION,126,而真正的虔诚...,,1,2,0,0,,,True,,
owl-8,8,0,100,PATH_ACTION,PATH_ACTION,127,是允许神性从伤口长出翅膀！,,1,2,0,0,,,True,,
owl-8,8,0,100,PATH_ACTION,PATH_ACTION,128,根本不需要完美仪式...,,1,2,0,0,,,True,,
owl-8,8,0,100,PATH_ACTION,PATH_ACTION,129,只需弄臣敢捧出未经矫饰的渴望，,,1,2,0,0,,,True,,
owl-8,8,0,100,PATH_ACTION,PATH_ACTION,130,内侍愿拆下自我禁锢的铠甲，,,1,2,0,0,,,True,,
owl-8,8,0,100,PATH_ACTION,PATH_ACTION,131,诗人肯为未诞生的诗冒渎焚身——,,1,2,0,0,,,True,,
owl-8,8,0,100,PATH_ACTION,PATH_ACTION,132,以及我这老朽...,,1,2,0,0,,,True,,
owl-8,8,0,100,PATH_ACTION,PATH_ACTION,133,终于敢用带血的骨掌掐灭虚假圣火！,,1,2,0,0,,,True,,
owl-8,8,0,100,PATH_ACTION,PATH_ACTION,134,原来拯救从来不是唤醒沉睡者...,,1,2,0,0,,,True,,
owl-8,8,0,100,PATH_ACTION,PATH_ACTION,135,是所有装睡的灵魂——,,1,2,0,0,,,True,,
owl-8,8,0,100,PATH_ACTION,PATH_ACTION,136,同时睁开了眼睛。,,1,2,0,0,,,True,,
owl-8,8,0,100,PATH_ACTION,PATH_ACTION,137,,,1,2,0,0,,,True,,
owl-8,8,0,100,PATH_ACTION,PATH_ACTION,138,,,1,2,0,0,,,True,,
,,,,,,,,,,,,,,,,,
,,,,,,,,,,,,,,,,,
